uen,entity_name,entity_type_description,entity_status_description,primary_ssic_code,secondary_ssic_code,name_norm,source,parent_name,hq_country,needs_review,excluded_reason
T23FC0047B,UNITED BIBLE SOCIETIES ASSOCIATION Singapore Branch,Foreign Company Branch,Live Company,94919,na,united bible societies association,foreign_branch,united bible societies association,Foreign (branch),False,Membership organisations (SSIC 94919)
T06FC6938K,ENTRUST ASIA PACIFIC LIMITED (Singapore Branch),Foreign Company Branch,Live Company,73200,62022,entrust asia pacific,foreign_branch,entrust asia pacific,Foreign (branch),False,Market research (SSIC 73200)
T11FC0197E,"EBSCO INTERNATIONAL, INC. Singapore Branch",Foreign Company Branch,Live Company,73200,na,ebsco international,foreign_branch,ebsco international,Foreign (branch),False,Market research (SSIC 73200)
T16FC0033C,ENEOS GLOBE CORPORATION Singapore Branch,Foreign Company Branch,Live Company,46900,73200,eneos globe,foreign_branch,eneos globe,Foreign (branch),False,Market research (SSIC 73200)
T16FC0147E,ELEVATE EDUCATION (Singapore Branch),Foreign Company Branch,Live Company,85509,82303,elevate education,foreign_branch,elevate education,Foreign (branch),False,Education (SSIC 85509)
T23FC0060G,EUROPEAN SOCIETY FOR MEDICAL ONCOLOGY (ESMO) Singapore Branch,Foreign Company Branch,Live Company,94120,na,european society for medical oncology esmo,foreign_branch,european society for medical oncology esmo,Foreign (branch),False,Membership organisations (SSIC 94120)
T08FC7245C,"PRINCETON ADVISORY GROUP, INC. (Singapore Branch)",Foreign Company Branch,Live Company,73200,70101,princeton advisory group,foreign_branch,princeton advisory group,Foreign (branch),False,Market research (SSIC 73200)
T20FC0028F,PARAGON TESTING ENTERPRISES INC. (Singapore Branch),Foreign Company Branch,Live Company,85609,na,paragon testing enterprises,foreign_branch,paragon testing enterprises,Foreign (branch),False,Education (SSIC 85609)
T03FC6331L,RIM INTELLIGENCE CO. Singapore Branch,Foreign Company Branch,Live Company,73200,96099,rim intelligence,foreign_branch,rim intelligence,Foreign (branch),False,Market research (SSIC 73200)
T10FC0039D,RICS INTERNATIONAL LIMITED Singapore Branch,Foreign Company Branch,Live Company,94120,na,rics international,foreign_branch,rics international,Foreign (branch),False,Membership organisations (SSIC 94120)
T18FC0156B,"RISK AND INSURANCE MANAGEMENT SOCIETY, INC. Singapore Branch",Foreign Company Branch,Live Company,70101,94999,risk and insurance management society,foreign_branch,risk and insurance management society,Foreign (branch),False,Membership organisations (SSIC 94999)
T25FC0030B,RESKILL CORP. Singapore Branch,Foreign Company Branch,Live Company,85505,na,reskill,foreign_branch,reskill,Foreign (branch),False,Education (SSIC 85505)
T26FC0047F,RM EDUCATION ASSESSMENT LTD (Singapore Branch),Foreign Company Branch,Live Company,62090,85609,rm education assessment,foreign_branch,rm education assessment,Foreign (branch),False,Education (SSIC 85609)
T16FC0083F,BAE SYSTEMS (INTERNATIONAL) LIMITED Singapore Branch,Foreign Company Branch,Live Company,73200,70102,bae systems international,foreign_branch,bae systems international,Foreign (branch),False,Market research (SSIC 73200)
T17FC0020D,BIMCO INFORMATIQUE A/S,Foreign Company Branch,Live Company,70201,94120,bimco informatique a,foreign_branch,bimco informatique a,Foreign (branch),False,Membership organisations (SSIC 94120)
T23FC0025L,"FLIGHT SAFETY FOUNDATION, INC. (Singapore Branch)",Foreign Company Branch,Live Company,94999,na,flight safety foundation,foreign_branch,flight safety foundation,Foreign (branch),False,Membership organisations (SSIC 94999)
T06FC6906C,"JOINT COMMISSION RESOURCES, INC. Singapore Branch",Foreign Company Branch,Live Company,94996,na,joint commission resources,foreign_branch,joint commission resources,Foreign (branch),False,Membership organisations (SSIC 94996)
T19FC0129B,"JAPAN PETROLEUM EXPLORATION CO., LTD. Singapore Branch",Foreign Company Branch,Live Company,35200,73200,japan petroleum exploration,foreign_branch,japan petroleum exploration,Foreign (branch),False,Market research (SSIC 73200)
T13FC0185G,"KUMHO TIRE CO., INC. Singapore Branch",Foreign Company Branch,Live Company,46900,73200,kumho tire,foreign_branch,kumho tire,Foreign (branch),False,Market research (SSIC 73200)
T14FC0079L,NEXEN TIRE CORPORATION Singapore Branch,Foreign Company Branch,Live Company,46900,73200,nexen tire,foreign_branch,nexen tire,Foreign (branch),False,Market research (SSIC 73200)
T18FC0127E,NIPPON EXPORT AND INVESTMENT INSURANCE Singapore Branch,Foreign Company Branch,Live Company,73200,70201,nippon export and investment insurance,foreign_branch,nippon export and investment insurance,Foreign (branch),False,Market research (SSIC 73200)
S52FC1054K,THE INTERNATIONAL MISSION BOARD OF THE SOUTHERN BAPTIST CONVENTION,Foreign Company Branch,Live Company,94919,na,international mission board of southern baptist convention,foreign_branch,international mission board of southern baptist convention,Foreign (branch),False,Membership organisations (SSIC 94919)
S76FC2564J,THE ASSOCIATION OF INTERNATIONAL ACCOUNTANTS (Singapore Branch),Foreign Company Branch,Live Company,94120,91100,association of international accountants,foreign_branch,association of international accountants,Foreign (branch),False,Membership organisations (SSIC 94120)
T04FC6510C,THE ALTERNATIVE INVESTMENT MANAGEMENT ASSOCIATION LIMITED (Singapore Branch),Foreign Company Branch,Live Company,94110,na,alternative investment management association,foreign_branch,alternative investment management association,Foreign (branch),False,Membership organisations (SSIC 94110)
T13FC0045G,TOLUNA HONG KONG LIMITED Singapore Branch,Foreign Company Branch,Live Company,73200,na,toluna hong kong,foreign_branch,toluna hong kong,Foreign (branch),False,Market research (SSIC 73200)
T13FC0141C,THE UNIVERSITY OF WARWICK (BRANCH OFFICE SINGAPORE),Foreign Company Branch,Live Company,85509,na,university of warwick office,foreign_branch,university of warwick office,Foreign (branch),False,Education (SSIC 85509)
T15FC0157E,TELECHIPS INC. Singapore Branch,Foreign Company Branch,Live Company,26119,73200,telechips,foreign_branch,telechips,Foreign (branch),False,Market research (SSIC 73200)
T16FC0042A,THE CHARTERED INSTITUTE OF ARBITRATORS,Foreign Company Branch,Live Company,70101,94120,chartered institute of arbitrators,foreign_branch,chartered institute of arbitrators,Foreign (branch),False,Membership organisations (SSIC 94120)
T19FC0029L,THE UNIVERSITY OF EDINBURGH (Singapore Branch),Foreign Company Branch,Live Company,85509,na,university of edinburgh,foreign_branch,university of edinburgh,Foreign (branch),False,Education (SSIC 85509)
T19FC0075H,TWP SINGAPORE LLC (Singapore Branch),Foreign Company Branch,Live Company,73100,na,twp llc,foreign_branch,twp llc,Foreign (branch),False,Advertising (SSIC 73100)
T20FC0057C,THE INSTITUTE OF CHARTERED ACCOUNTANTS OF INDIA (Singapore Branch),Foreign Company Branch,Live Company,94120,na,institute of chartered accountants of india,foreign_branch,institute of chartered accountants of india,Foreign (branch),False,Membership organisations (SSIC 94120)
T20FC0063B,TRIBAL GROUP PTY LIMITED Singapore Branch,Foreign Company Branch,Live Company,85609,na,tribal group pty,foreign_branch,tribal group pty,Foreign (branch),False,Education (SSIC 85609)
T24FC0013H,"TOHOKU ELECTRIC POWER CO., INC. Singapore Branch",Foreign Company Branch,Live Company,73200,35200,tohoku electric power,foreign_branch,tohoku electric power,Foreign (branch),False,Market research (SSIC 73200)
T26FC0035J,THOMAS TELFORD LIMITED (Singapore Branch),Foreign Company Branch,Live Company,58190,85505,thomas telford,foreign_branch,thomas telford,Foreign (branch),False,Education (SSIC 85505)
S91FC4345J,INTERNATIONAL BACCALAUREATE ORGANIZATION (Singapore Branch),Foreign Company Branch,Live Company,85509,85401,international baccalaureate organization,foreign_branch,international baccalaureate organization,Foreign (branch),False,Education (SSIC 85509)
T06FC6909B,IDP EDUCATION LIMITED Singapore Branch,Foreign Company Branch,Live Company,85601,85609,idp education,foreign_branch,idp education,Foreign (branch),False,Education (SSIC 85601)
T09FC0022C,ICAEW SOUTH EAST ASIA LIMITED,Foreign Company Branch,Live Company,94120,na,icaew south east asia,foreign_branch,icaew south east asia,Foreign (branch),False,Membership organisations (SSIC 94120)
T15FC0118C,ICA 98 LIMITED Singapore Branch,Foreign Company Branch,Live Company,94120,na,ica 98,foreign_branch,ica 98,Foreign (branch),False,Membership organisations (SSIC 94120)
T16FC0128B,INTERTANKO (Singapore Branch),Foreign Company Branch,Live Company,94110,na,intertanko,foreign_branch,intertanko,Foreign (branch),False,Membership organisations (SSIC 94110)
T17FC0136J,INTERNATIONAL FRAGRANCE ASSOCIATION (IFRA) Singapore Branch,Foreign Company Branch,Live Company,94999,na,international fragrance association ifra,foreign_branch,international fragrance association ifra,Foreign (branch),False,Membership organisations (SSIC 94999)
T22FC0062E,ITOPF LIMITED (Singapore Branch),Foreign Company Branch,Live Company,94995,na,itopf,foreign_branch,itopf,Foreign (branch),False,Membership organisations (SSIC 94995)
T10FC0010H,ASIAN IN-FLIGHT MEDIA LIMITED (Singapore Branch),Foreign Company Branch,Live Company,73100,na,asian in flight media,foreign_branch,asian in flight media,Foreign (branch),False,Advertising (SSIC 73100)
T10FC0013G,ASSOCIATION EDHEC BUSINESS SCHOOL Singapore Branch,Foreign Company Branch,Live Company,85509,na,association edhec business school,foreign_branch,association edhec business school,Foreign (branch),False,Education (SSIC 85509)
T10FC0128E,"ACT EDUCATION SOLUTIONS, LIMITED (Singapore Branch)",Foreign Company Branch,Live Company,85509,na,act education solutions,foreign_branch,act education solutions,Foreign (branch),False,Education (SSIC 85509)
T16FC0120A,ASTRAL ADVERTISING & MARKETING INDIA PRIVATE LIMITED (Singapore Branch),Foreign Company Branch,Live Company,73100,na,astral advertising marketing india,foreign_branch,astral advertising marketing india,Foreign (branch),False,Advertising (SSIC 73100)
T18FC0122C,"AARKI, LLC Singapore Branch",Foreign Company Branch,Live Company,73100,na,aarki llc,foreign_branch,aarki llc,Foreign (branch),False,Advertising (SSIC 73100)
T19FC0032L,"ASSOCIATION FOR FINANCIAL PROFESSIONALS, INC. (Singapore Branch)",Foreign Company Branch,Live Company,94120,na,association for financial professionals,foreign_branch,association for financial professionals,Foreign (branch),False,Membership organisations (SSIC 94120)
T19FC0105H,ASIA PACIFIC LOAN MARKET ASSOCIATION LIMITED (Singapore Branch),Foreign Company Branch,Live Company,94120,na,asia pacific loan market association,foreign_branch,asia pacific loan market association,Foreign (branch),False,Membership organisations (SSIC 94120)
T01FC6011G,MUSICA VIVA AUSTRALIA,Foreign Company Branch,Live Company,85508,na,musica viva australia,foreign_branch,musica viva australia,Foreign (branch),False,Education (SSIC 85508)
T17FC0006C,MEAT & LIVESTOCK AUSTRALIA LIMITED (Singapore Branch),Foreign Company Branch,Live Company,70102,73200,meat livestock australia,foreign_branch,meat livestock australia,Foreign (branch),False,Market research (SSIC 73200)
T23FC0026G,MINOTTI SPA Singapore Branch,Foreign Company Branch,Live Company,73200,82199,minotti spa,foreign_branch,minotti spa,Foreign (branch),False,Market research (SSIC 73200)
T25FC0035D,MARITIME INTERNATIONAL SECRETARIAT SERVICES LIMITED (Singapore Branch),Foreign Company Branch,Live Company,94110,na,maritime international secretariat services,foreign_branch,maritime international secretariat services,Foreign (branch),False,Membership organisations (SSIC 94110)
T25FC0081A,"MITSUBISHI MATERIALS (THAILAND) CO., LTD. Singapore Branch",Foreign Company Branch,Live Company,73200,82999,mitsubishi materials thailand,foreign_branch,mitsubishi materials thailand,Foreign (branch),False,Market research (SSIC 73200)
T10FC0019E,LANGUAGEONE B.V. (Singapore Branch),Foreign Company Branch,Live Company,85509,na,languageone b v,foreign_branch,languageone b v,Foreign (branch),False,Education (SSIC 85509)
T05FC6770J,WASEDA UNIVERSITY Branch Office Singapore,Foreign Company Branch,Live Company,85401,72109,waseda university office,foreign_branch,waseda university office,Foreign (branch),False,Education (SSIC 85401)
T17FC0130L,"WEST JAPAN RAILWAY HOTEL DEVELOPMENT, LTD. Singapore Branch",Foreign Company Branch,Live Company,73200,70201,west japan railway hotel development,foreign_branch,west japan railway hotel development,Foreign (branch),False,Market research (SSIC 73200)
T18FC0146H,WORLD SHIPPING COUNCIL (Singapore Branch),Foreign Company Branch,Live Company,94999,na,world shipping council,foreign_branch,world shipping council,Foreign (branch),False,Membership organisations (SSIC 94999)
T20FC0093F,G II R (THAILAND) LIMITED Singapore Branch,Foreign Company Branch,Live Company,73100,74191,g ii r thailand,foreign_branch,g ii r thailand,Foreign (branch),False,Advertising (SSIC 73100)
T21FC0013D,GLOBAL PRIVATE CAPITAL ASSOCIATION (Singapore Branch),Foreign Company Branch,Live Company,94999,na,global capital association,foreign_branch,global capital association,Foreign (branch),False,Membership organisations (SSIC 94999)
T25FC0051H,GATES FOUNDATION,Foreign Company Branch,Live Company,94991,na,gates foundation,foreign_branch,gates foundation,Foreign (branch),False,Membership organisations (SSIC 94991)
S54FC1129J,CPA AUSTRALIA LTD,Foreign Company Branch,Live Company,94120,na,cpa australia,foreign_branch,cpa australia,Foreign (branch),False,Membership organisations (SSIC 94120)
T16FC0044D,CATALYST EDUCATION GROUP LIMITED Singapore Branch,Foreign Company Branch,Live Company,85609,70209,catalyst education group,foreign_branch,catalyst education group,Foreign (branch),False,Education (SSIC 85609)
T18FC0007D,CJ ENM HONG KONG LIMITED Singapore Branch,Foreign Company Branch,Live Company,59132,73100,cj enm hong kong,foreign_branch,cj enm hong kong,Foreign (branch),False,Advertising (SSIC 73100)
T18FC0116D,COVENTRY UNIVERSITY (Singapore Branch),Foreign Company Branch,Live Company,85509,70201,coventry university,foreign_branch,coventry university,Foreign (branch),False,Education (SSIC 85509)
T14FC0063H,"SUMITOMO MITSUI CARD COMPANY, LIMITED Singapore Branch",Foreign Company Branch,Live Company,73200,na,sumitomo mitsui card,foreign_branch,sumitomo mitsui card,Foreign (branch),False,Market research (SSIC 73200)
T21FC0002C,"SPROUT SOCIAL, INC. Singapore Branch",Foreign Company Branch,Live Company,73200,na,sprout social,foreign_branch,sprout social,Foreign (branch),False,Market research (SSIC 73200)
S97FC5267H,HOPSCOTCH NETWORK,Foreign Company Branch,Live Company,73100,72109,hopscotch network,foreign_branch,hopscotch network,Foreign (branch),False,Advertising (SSIC 73100)
