parent_name,prescreen,prescreen_reason,prescreen_basis,selected_by,size_segment,hq_country,hq_tag,industry_group,sg_entities,needs_review,mnc_basis,linkedin_company_url,linkedin_company_size,c0_midsize_confirmed(y/n),c1_multinational_confirmed(y/n),c2_sg_marketing_count,c3_leader_titles_count,most_senior_sg_marketing_title,business_model(B2B/B2C/Mixed),linkedin_industry,fit_sg_or_apac_web_pages(y/n),fit_content_updated_90d(y/n),sg_leader_decides(y/n),excluded_on_review(y/n),checked_by,check_date,
Aspire,pass,"About 500+ staff; operates in Singapore, Vietnam, Indonesia and Hong Kong",Estimate from general knowledge; confirm on LinkedIn,census,mid,Singapore,Singapore HQ,Other,ASPIRE BRANDS PTE. LTD. | ASPIRE FT HOLDING PTE. LTD. | ASPIRE FT PTE. LTD. | ASPIRE GLOBAL NETWORK PTE. LTD. | ASPIRE GROUP SERVICES PTE. LTD. | ASPIRE HUB GROUP PTE. LTD. | ASPIRE NETWORK MANAGEMENT PTE. LTD. | ASPIRE RETAIL MARKETING PTE. LTD. | ASPIRE SERVICE CENTRE PTE. LTD. | ASPIRE SERVICES PTE. LTD. | ASPIRE SOUTHEAST INTERNATIONAL PTE. LTD. | ASPIRE SYSTEMS GLOBAL PTE. LTD. | ASPIRE SYSTEMS INTERNATIONAL PTE. LTD. | ASPIRE TECH PTE. LTD. | ASPIRE TECH SERVICES AND SOLUTIONS PTE. LTD. | ASPIRE TECHNOLOGY PTE LTD,TRUE,"Pending: Singapore-HQ, overseas operations not yet checked - confirm at stage 6 (c1)",https://www.linkedin.com/company/aspireapp-global/home/,501-1K employees,y,y,,,,,,,,,,,09/28/2026,https://www.linkedin.com/in/choocharis/
HashKey Group,pass,"Roughly 1,000 staff; Hong Kong, Singapore, Japan and Bermuda",Estimate from general knowledge; confirm on LinkedIn,census,mid,Hong Kong,Foreign HQ,Other,HASHKEY CAPITAL SINGAPORE PTE. LTD. | HASHKEY DIGITAL WEALTH PTE. LTD. | HASHKEY MARKETS PTE. LTD. | HASHKEY NEWFIN PTE. LTD. | HASHKEY TECHNOLOGY SERVICES PTE. LTD. | HASHKEY TOKEN LIMITED,FALSE,,,,,,,,,,,,,,,,,
Klook,pass,"Roughly 2,000-3,000 staff; offices across Asia, Europe and the US",Estimate from general knowledge; confirm on LinkedIn,census,mid,Hong Kong,Foreign HQ,Other,KLOOK BILI TRADING PTE. LTD. | KLOOK GALLERY PTE. LTD. | KLOOK TRAVEL TECHNOLOGY PTE. LTD.,FALSE,,,,,,,,,,,,,,,,,
Penguin International,pass,"Roughly 1,000 staff; shipbuilding and vessel operations in Singapore and Indonesia",Estimate from general knowledge; confirm on LinkedIn,census,mid,Singapore,Singapore HQ,Other,PENGUIN INTERNATIONAL LIMITED,FALSE,"Pending: Singapore-HQ, overseas operations not yet checked - confirm at stage 6 (c1)",,,,,,,,,,,,,,,,
Sheng Siong Group,pass,"Likely 3,000-4,000 staff; Singapore plus a few stores in Kunming, China. Passes the two stated tests only narrowly: almost all business is in Singapore","Wikipedia (2,324 staff in 2010; countries); current headcount unverified",census,mid,Singapore,Singapore HQ,Other,SHENG SIONG GROUP LTD. | SHENG SIONG HOLDINGS PTE. LTD. | SHENG SIONG SUPERMARKET PTE LTD,FALSE,"Pending: Singapore-HQ, overseas operations not yet checked - confirm at stage 6 (c1)",,,,,,,,,,,,,,,,
Singapore Post,pass,"About 3,000 staff; mainly Singapore, some regional logistics. Passes the two stated tests narrowly after selling its Australian business (2024-25); weak fit as a buyer",Wikipedia (headcount; divestment),census,mid,Singapore,Singapore HQ,Other,SINGAPORE POST ENTERPRISE PRIVATE LIMITED | SINGAPORE POST LIMITED,FALSE,"Pending: Singapore-HQ, overseas operations not yet checked - confirm at stage 6 (c1)",,,,,,,,,,,,,,,,
Toss,pass,"Viva Republica has roughly 2,500+ staff; Korea plus a Singapore entity",Estimate from general knowledge; confirm on LinkedIn,census,mid,South Korea,Foreign HQ,Other,TOSS GLOBAL PTE. LTD. | TOSS SG PTE. LTD.,TRUE,,,,,,,,,,,,,,,,,
Yanlord,pass,"Likely 3,000-4,000 staff; property in China plus Singapore projects",Estimate from general knowledge; confirm on LinkedIn,census,mid,Singapore,Singapore HQ,Other,YANLORD CAPITAL PTE. LTD. | YANLORD COMMERCIAL PROPERTY INVESTMENTS PTE. LTD. | YANLORD ECO ISLAND INVESTMENTS PTE. LTD. | YANLORD ENTERPRISE (S) PTE LTD | YANLORD HO BEE INVESTMENTS PTE. LTD. | YANLORD HOLDINGS PTE. LTD. | YANLORD INDUSTRIES PTE. LTD. | YANLORD INVESTMENT (SINGAPORE) PTE. LTD. | YANLORD LAND GROUP LIMITED | YANLORD LAND PTE. LTD. | YANLORD PROPERTY INVESTMENTS PTE. LTD. | YANLORD PROPERTY PTE. LTD. | YANLORD REAL ESTATE PTE. LTD.,FALSE,"Pending: Singapore-HQ, overseas operations not yet checked - confirm at stage 6 (c1)",,,,,,,,,,,,,,,,
Airwallex,pass,"Roughly 1,500-2,000 staff; offices across Asia-Pacific, Europe and the US",Estimate from general knowledge; confirm on LinkedIn,census,mid,Australia,Foreign HQ,Regulated,AIRWALLEX (SINGAPORE) PTE. LTD. | AIRWALLEX CAPITAL (SINGAPORE) PTE. LTD. | AIRWALLEX CAPITAL HOLDING (SINGAPORE) PTE. LTD. | AIRWALLEX COMMERCELINK HOLDING (SINGAPORE) PTE. LTD. | AIRWALLEX DIGITAL (SINGAPORE) PTE. LTD. | AIRWALLEX DIGITAL HOLDING (SINGAPORE) PTE. LTD. | AIRWALLEX FINANCING (SINGAPORE) PTE. LTD. | AIRWALLEX FINANCING HOLDING (SINGAPORE) PTE. LTD. | AIRWALLEX TREASURY (SINGAPORE) PTE. LTD.,FALSE,,,,,,,,,,,,,,,,,
Carousell,pass,"About 1,000 staff; marketplaces in Singapore, Malaysia, Hong Kong, Taiwan and the Philippines",Estimate from general knowledge; confirm on LinkedIn,census,mid,Singapore,Singapore HQ,Regulated,CAROUSELL TRUST PTE. LTD.,FALSE,Singapore-HQ group with operations outside Singapore (curated; verify),,,,,,,,,,,,,,,,
Funding Societies,pass,"About 500 staff; Singapore, Malaysia, Indonesia, Thailand and Vietnam",Estimate from general knowledge; confirm on LinkedIn,census,mid,Singapore,Singapore HQ,Regulated,FS CAPITAL PTE. LTD. | FS CAPITAL SINGAPORE PTE. LTD. | FUNDING SOCIETIES PTE. LTD.,FALSE,"Pending: Singapore-HQ, overseas operations not yet checked - confirm at stage 6 (c1)",,,,,,,,,,,,,,,,
Haw Par,pass,"Headcount not found, likely within 200-5,000; operations in Singapore, Malaysia, Hong Kong, Thailand and elsewhere",Wikipedia (countries); headcount unverified,census,mid,Singapore,Singapore HQ,Regulated,HAW PAR CAPITAL PTE LTD | HAW PAR CENTRE PRIVATE LTD | HAW PAR CORPORATION LIMITED | HAW PAR EQUITIES PTE LTD | HAW PAR HEALTHCARE LIMITED | HAW PAR INVESTMENT HOLDINGS PRIVATE LIMITED | HAW PAR LEISURE PTE LTD | HAW PAR MANAGEMENT SERVICES PTE. LTD. | HAW PAR PHARMACEUTICAL HOLDINGS PTE. LTD. | HAW PAR PROPERTIES (SINGAPORE) PRIVATE LIMITED | HAW PAR SECURITIES (PRIVATE) LIMITED | HAW PAR TRADING PTE LTD | HAW PAR VENTURES PTE. LTD. | HAW PAR VILLA PTE. LTD.,FALSE,"Pending: Singapore-HQ, overseas operations not yet checked - confirm at stage 6 (c1)",,,,,,,,,,,,,,,,
Thunes,pass,About 400+ staff; offices in many countries,Estimate from general knowledge; confirm on LinkedIn,census,mid,Singapore,Singapore HQ,Regulated,THUNES ASIA PRIVATE LIMITED,FALSE,Singapore-HQ group with operations outside Singapore (curated; verify),,,,,,,,,,,,,,,,
WeLab,pass,"Roughly 800-1,000 staff; Hong Kong, Indonesia and mainland China",Estimate from general knowledge; confirm on LinkedIn,census,mid,Hong Kong,Foreign HQ,Regulated,WELAB SEA PTE. LTD.,FALSE,,,,,,,,,,,,,,,,,
iFAST Corporation,pass,"About 1,300+ staff; Singapore, Hong Kong, Malaysia, China, UK and India",Estimate from general knowledge; confirm on LinkedIn,census,mid,Singapore,Singapore HQ,Regulated,IFAST CAPITAL LTD. | IFAST CHINA HOLDINGS PTE. LTD. | IFAST CORPORATION LTD. | IFAST FINANCIAL PTE. LTD. | IFAST GLOBAL TRUST PTE. LTD. | IFAST INDIA HOLDINGS PTE. LTD. | IFAST INDIA INVESTMENTS PTE. LTD. | IFAST NOMINEES PTE. LTD. | IFAST PAY PTE. LTD.,FALSE,"Pending: Singapore-HQ, overseas operations not yet checked - confirm at stage 6 (c1)",,,,,,,,,,,,,,,,
Bitdeer Technologies Group,pass,"211 staff in 2023, likely higher now; data centres in the US, Norway and Bhutan",Wikipedia (2023 figure),census,mid,Singapore,Singapore HQ,Technical,BITDEER AI HOLDING PTE. LTD. | BITDEER AI PTE. LTD. | BITDEER CLOUD APEX PTE. LTD. | BITDEER DEVELOPMENT PTE. LTD. | BITDEER ETHIOPIA DEVELOPMENT PTE. LTD. | BITDEER SEMICONDUCTOR SALES PTE. LTD. | BITDEER SEMICONDUCTOR TECHNOLOGY PTE. LTD.,FALSE,"Pending: Singapore-HQ, overseas operations not yet checked - confirm at stage 6 (c1)",,,,,,,,,,,,,,,,
Braze,pass,"Roughly 1,500-1,700 staff; US, UK, Singapore, Japan and others",Estimate from general knowledge; confirm on LinkedIn,census,mid,United States,Foreign HQ,Technical,BRAZE PTE. LTD.,TRUE,,,,,,,,,,,,,,,,,
IGG Inc,pass,"Roughly 2,000-3,000 staff; offices in Singapore, China and the US",Estimate from general knowledge; confirm on LinkedIn,census,mid,Singapore,Singapore HQ,Technical,IGG SINGAPORE PTE. LTD.,TRUE,"Pending: Singapore-HQ, overseas operations not yet checked - confirm at stage 6 (c1)",,,,,,,,,,,,,,,,
Juspay,pass,"Roughly 1,000+ staff; India, Singapore and other markets",Estimate from general knowledge; confirm on LinkedIn,census,mid,India,Foreign HQ,Technical,JUSPAY GLOBAL PTE. LTD. | JUSPAY TECHNOLOGIES PTE. LTD.,FALSE,,,,,,,,,,,,,,,,,
Kulicke and Soffa Industries,pass,"About 3,000 staff; Singapore HQ, operations in the US, Malaysia, China and others",Estimate from general knowledge; confirm on LinkedIn,census,mid,Singapore,Singapore HQ,Technical,KULICKE & SOFFA PTE. LTD.,FALSE,"Pending: Singapore-HQ, overseas operations not yet checked - confirm at stage 6 (c1)",,,,,,,,,,,,,,,,
Nium,pass,"About 1,000 staff; offices in many countries",Estimate from general knowledge; confirm on LinkedIn,census,mid,Singapore,Singapore HQ,Technical,NIUM PTE. LTD.,TRUE,Singapore-HQ group with operations outside Singapore (curated; verify),,,,,,,,,,,,,,,,
Razer,pass,"1,576 staff (2024); Singapore, US, Malaysia and other offices",Wikipedia (2024 figure),census,mid,Singapore,Singapore HQ,Technical,RAZER (ASIA-PACIFIC) PTE. LTD. | RAZER CAFE PTE. LTD. | RAZER EVERGLIDE PTE. LTD. | RAZER FINTECH (SG) PTE. LTD. | RAZER FINTECH HOLDINGS PTE. LTD. | RAZER GOLD (SG) PTE. LTD. | RAZER MERCHANT SERVICES (SG) PTE. LTD. | RAZER MIDAS PTE. LTD. | RAZER ONLINE PTE. LTD. | RAZER SERVICES VIETNAM PTE. LTD.,FALSE,Singapore-HQ group with operations outside Singapore (curated; verify),,,,,,,,,,,,,,,,
Sprinklr,pass,"Roughly 3,500-3,800 staff; offices in many countries",Estimate from general knowledge; confirm on LinkedIn,census,mid,United States,Foreign HQ,Technical,SPRINKLR SINGAPORE PTE. LTD.,FALSE,,,,,,,,,,,,,,,,,
Wave Life Sciences,pass,"Roughly 250-300 staff; Singapore-registered HQ, research and operations mainly in the US. Weak fit: marketing unlikely to sit in Singapore",Estimate from general knowledge; confirm on LinkedIn,census,mid,Singapore,Singapore HQ,Technical,WAVE LIFE SCIENCES PTE. LTD.,FALSE,"Pending: Singapore-HQ, overseas operations not yet checked - confirm at stage 6 (c1)",,,,,,,,,,,,,,,,
Xendit,pass,"Roughly 700-1,000 staff; Indonesia, Philippines, Singapore, Malaysia, Thailand and Vietnam",Estimate from general knowledge; confirm on LinkedIn,census,mid,Indonesia,Foreign HQ,Technical,XENDIT ENTERPRISES PTE. LTD. | XENDIT PAYMENTS SINGAPORE PTE. LTD. | XENDIT PTE. LTD. | XENDIT SERVICE PTE. LTD.,FALSE,,,,,,,,,,,,,,,,,
Choco Up,unsure,Probably under 200 staff; Hong Kong and Singapore,Estimate from general knowledge; confirm on LinkedIn,census,mid,Singapore,Singapore HQ,High-trust,CHOCO UP SG PTE. LTD.,FALSE,"Pending: Singapore-HQ, overseas operations not yet checked - confirm at stage 6 (c1)",,,,,,,,,,,,,,,,
Freshworks,unsure,"Headcount near the 5,000 upper limit; offices in many countries",Estimate from general knowledge; confirm on LinkedIn,census,mid,United States,Foreign HQ,High-trust,FRESHWORKS TECHNOLOGIES PTE. LTD.,FALSE,,,,,,,,,,,,,,,,,
TechCreate Group,unsure,Could not find headcount or countries; the ACRA match (TECHCREATE SOLUTION) may be unrelated,Not found; check manually,census,mid,Singapore,Singapore HQ,High-trust,TECHCREATE SOLUTION PRIVATE LIMITED,FALSE,"Pending: Singapore-HQ, overseas operations not yet checked - confirm at stage 6 (c1)",,,,,,,,,,,,,,,,
Hotel Properties Limited,unsure,"Hotels in Singapore and abroad; headcount including hotel staff may exceed 5,000",Estimate from general knowledge; confirm on LinkedIn,census,mid,Singapore,Singapore HQ,Other,HOTEL PROPERTIES LIMITED,FALSE,"Pending: Singapore-HQ, overseas operations not yet checked - confirm at stage 6 (c1)",,,,,,,,,,,,,,,,
Ninja Van,unsure,"Seven Southeast Asian countries; headcount including operations staff may exceed 5,000",Wikipedia (countries); headcount unverified,census,mid,Singapore,Singapore HQ,Other,NINJA LOGISTICS PTE. LTD.,FALSE,Singapore-HQ group with operations outside Singapore (curated; verify),,,,,,,,,,,,,,,,
Karooooo,unsure,"Operates in 23 countries; headcount near or above 5,000",Wikipedia (countries); headcount unverified,census,mid,Singapore,Singapore HQ,Regulated,CARTRACK TECHNOLOGIES PTE. LTD. | CARTRACK TECHNOLOGIES SOUTH EAST ASIA PTE. LTD. | KAROOOOO LTD. | KAROOOOO MANAGEMENT COMPANY PTE. LTD.,FALSE,"Pending: Singapore-HQ, overseas operations not yet checked - confirm at stage 6 (c1)",,,,,,,,,,,,,,,,
Lighthouse Canton,unsure,"Headcount near 200; Singapore, India and Dubai",Estimate from general knowledge; confirm on LinkedIn,census,mid,Singapore,Singapore HQ,Regulated,LIGHTHOUSE CANTON ALTERNATIVES MANAGER PTE. LTD. | LIGHTHOUSE CANTON CF SERVICES PTE. LTD. | LIGHTHOUSE CANTON INVESTMENT HOLDINGS PTE. LTD. | LIGHTHOUSE CANTON PTE. LTD.,FALSE,"Pending: Singapore-HQ, overseas operations not yet checked - confirm at stage 6 (c1)",,,,,,,,,,,,,,,,
Paynamics,unsure,Probably 100-200 staff; mainly the Philippines,Estimate from general knowledge; confirm on LinkedIn,census,mid,Philippines,Foreign HQ,Regulated,PAYNAMICS NETWORK PTE. LTD.,FALSE,,,,,,,,,,,,,,,,,
Riverstone Holdings,unsure,Glove maker with factories in Malaysia and Thailand; the ACRA match (RIVERSTONE PTE. LTD.) may be an unrelated company,Estimate from general knowledge; check the ACRA entity,census,mid,Singapore,Singapore HQ,Regulated,RIVERSTONE HOLDINGS LIMITED | RIVERSTONE PTE. LTD.,TRUE,"Pending: Singapore-HQ, overseas operations not yet checked - confirm at stage 6 (c1)",,,,,,,,,,,,,,,,
Sinarmas Land,unsure,"Property in Indonesia, Singapore and elsewhere; headcount may exceed 5,000",Estimate from general knowledge; confirm on LinkedIn,census,mid,Singapore,Singapore HQ,Regulated,SINARMAS LAND OVERSEAS HOLDING PTE. LTD. | SINARMAS LAND PTE. LTD.,FALSE,"Pending: Singapore-HQ, overseas operations not yet checked - confirm at stage 6 (c1)",,,,,,,,,,,,,,,,
Singapore Land,unsure,"Property and hotels, mainly in Singapore; overseas operations unclear",Estimate from general knowledge; confirm on LinkedIn,census,mid,Singapore,Singapore HQ,Regulated,SINGAPORE LAND GROUP LIMITED,FALSE,"Pending: Singapore-HQ, overseas operations not yet checked - confirm at stage 6 (c1)",,,,,,,,,,,,,,,,
Statrys,unsure,Probably under 200 staff; Hong Kong and Singapore,Estimate from general knowledge; confirm on LinkedIn,census,mid,Hong Kong,Foreign HQ,Regulated,STATRYS CORPORATE SERVICES SINGAPORE PTE. LTD. | STATRYS INTERNATIONAL HOLDING PTE. LTD. | STATRYS SINGAPORE PTE. LTD.,FALSE,,,,,,,,,,,,,,,,,
Storepay,unsure,Probably under 200 staff; buy-now-pay-later business that started in Mongolia,Estimate from general knowledge; confirm on LinkedIn,census,mid,Singapore,Singapore HQ,Regulated,STOREPAY HOLDING PTE. LTD.,FALSE,"Pending: Singapore-HQ, overseas operations not yet checked - confirm at stage 6 (c1)",,,,,,,,,,,,,,,,
Syfe,unsure,"Headcount near 200-300; Singapore, Hong Kong and Australia",Estimate from general knowledge; confirm on LinkedIn,census,mid,Singapore,Singapore HQ,Regulated,SYFE PTE. LTD.,FALSE,"Pending: Singapore-HQ, overseas operations not yet checked - confirm at stage 6 (c1)",,,,,,,,,,,,,,,,
UOL Group,unsure,"Property plus Pan Pacific hotels in several countries; headcount including hotels may exceed 5,000",Estimate from general knowledge; confirm on LinkedIn,census,mid,Singapore,Singapore HQ,Regulated,UOL GROUP LIMITED | UOL MANAGEMENT SERVICES PTE LTD | UOL RETAIL MANAGEMENT PTE. LTD. | UOL VENTURES HOLDINGS PTE. LTD.,TRUE,"Pending: Singapore-HQ, overseas operations not yet checked - confirm at stage 6 (c1)",,,,,,,,,,,,,,,,
iPartners,unsure,Probably under 200 staff; Australia and Singapore,Estimate from general knowledge; confirm on LinkedIn,census,mid,Australia,Foreign HQ,Regulated,IPARTNERS ASIA PTE. LTD.,FALSE,,,,,,,,,,,,,,,,,
CoverGo,unsure,"Headcount near 200-300; Hong Kong, Singapore and other markets",Estimate from general knowledge; confirm on LinkedIn,census,mid,Singapore,Singapore HQ,Technical,COVERGO PTE. LTD.,FALSE,"Pending: Singapore-HQ, overseas operations not yet checked - confirm at stage 6 (c1)",,,,,,,,,,,,,,,,
DurianPay,unsure,Probably under 200 staff; mainly Indonesia,Estimate from general knowledge; confirm on LinkedIn,census,mid,Indonesia,Foreign HQ,Technical,DURIANPAY PTE. LTD.,FALSE,,,,,,,,,,,,,,,,,
M-DAQ Global,unsure,Headcount near 200-300; Singapore and China,Estimate from general knowledge; confirm on LinkedIn,census,mid,Singapore,Singapore HQ,Technical,M-DAQ CASHPORT PTE. LTD. | M-DAQ FINANCIAL SERVICES PTE. LTD. | M-DAQ GLOBAL PTE. LTD. | M-DAQ MARKET SOLUTIONS PTE. LTD. | M-DAQ PAYMENT SOLUTIONS PTE. LTD.,FALSE,"Pending: Singapore-HQ, overseas operations not yet checked - confirm at stage 6 (c1)",,,,,,,,,,,,,,,,
Spark Systems,unsure,Probably under 200 staff,Estimate from general knowledge; confirm on LinkedIn,census,mid,Singapore,Singapore HQ,Technical,SPARK SYSTEMS PTE. LTD.,FALSE,"Pending: Singapore-HQ, overseas operations not yet checked - confirm at stage 6 (c1)",,,,,,,,,,,,,,,,
Vayana,unsure,Headcount near 200-300; India and Singapore,Estimate from general knowledge; confirm on LinkedIn,census,mid,India,Foreign HQ,Technical,VAYANA NETWORK PTE. LTD.,FALSE,,,,,,,,,,,,,,,,,