outbound_rank,status,parent_name,prescreen,prescreen_reason,size_segment,hq_country,hq_tag,industry_group,sg_entities,c2_sg_marketing_count,c3_leader_titles_count,most_senior_sg_marketing_title,sg_leader_decides(y/n),linkedin_company_url,check_date,contact_name,contact_title,sent_date,replied(y/n),reply_date,ask_type(single_seat/team_training/other),notes
1,2 not yet checked,Yanlord,pass,"Likely 3,000-4,000 staff; property in China plus Singapore projects",mid,Singapore,Singapore HQ,Other,YANLORD CAPITAL PTE. LTD. | YANLORD COMMERCIAL PROPERTY INVESTMENTS PTE. LTD. | YANLORD ECO ISLAND INVESTMENTS PTE. LTD. | YANLORD ENTERPRISE (S) PTE LTD | YANLORD HO BEE INVESTMENTS PTE. LTD. | YANLORD HOLDINGS PTE. LTD. | YANLORD INDUSTRIES PTE. LTD. | YANLORD INVESTMENT (SINGAPORE) PTE. LTD. | YANLORD LAND GROUP LIMITED | YANLORD LAND PTE. LTD. | YANLORD PROPERTY INVESTMENTS PTE. LTD. | YANLORD PROPERTY PTE. LTD. | YANLORD REAL ESTATE PTE. LTD.,,,,,,,,,,,,,
2,2 not yet checked,IGG Inc,pass,"Roughly 2,000-3,000 staff; offices in Singapore, China and the US",mid,Singapore,Singapore HQ,Technical,IGG SINGAPORE PTE. LTD.,,,,,,,,,,,,,
3,2 not yet checked,Haw Par,pass,"Headcount not found, likely within 200-5,000; operations in Singapore, Malaysia, Hong Kong, Thailand and elsewhere",mid,Singapore,Singapore HQ,Regulated,HAW PAR CAPITAL PTE LTD | HAW PAR CENTRE PRIVATE LTD | HAW PAR CORPORATION LIMITED | HAW PAR EQUITIES PTE LTD | HAW PAR HEALTHCARE LIMITED | HAW PAR INVESTMENT HOLDINGS PRIVATE LIMITED | HAW PAR LEISURE PTE LTD | HAW PAR MANAGEMENT SERVICES PTE. LTD. | HAW PAR PHARMACEUTICAL HOLDINGS PTE. LTD. | HAW PAR PROPERTIES (SINGAPORE) PRIVATE LIMITED | HAW PAR SECURITIES (PRIVATE) LIMITED | HAW PAR TRADING PTE LTD | HAW PAR VENTURES PTE. LTD. | HAW PAR VILLA PTE. LTD.,,,,,,,,,,,,,
4,2 not yet checked,Wave Life Sciences,pass,"Roughly 250-300 staff; Singapore-registered HQ, research and operations mainly in the US. Weak fit: marketing unlikely to sit in Singapore",mid,Singapore,Singapore HQ,Technical,WAVE LIFE SCIENCES PTE. LTD.,,,,,,,,,,,,,
5,2 not yet checked,Kulicke and Soffa Industries,pass,"About 3,000 staff; Singapore HQ, operations in the US, Malaysia, China and others",mid,Singapore,Singapore HQ,Technical,KULICKE & SOFFA PTE. LTD.,,,,,,,,,,,,,
6,2 not yet checked,Carousell,pass,"About 1,000 staff; marketplaces in Singapore, Malaysia, Hong Kong, Taiwan and the Philippines",mid,Singapore,Singapore HQ,Regulated,CAROUSELL TRUST PTE. LTD.,,,,,,,,,,,,,
7,2 not yet checked,Penguin International,pass,"Roughly 1,000 staff; shipbuilding and vessel operations in Singapore and Indonesia",mid,Singapore,Singapore HQ,Other,PENGUIN INTERNATIONAL LIMITED,,,,,,,,,,,,,
8,2 not yet checked,Thunes,pass,About 400+ staff; offices in many countries,mid,Singapore,Singapore HQ,Regulated,THUNES ASIA PRIVATE LIMITED,,,,,,,,,,,,,
9,2 not yet checked,Singapore Post,pass,"About 3,000 staff; mainly Singapore, some regional logistics. Passes the two stated tests narrowly after selling its Australian business (2024-25); weak fit as a buyer",mid,Singapore,Singapore HQ,Other,SINGAPORE POST ENTERPRISE PRIVATE LIMITED | SINGAPORE POST LIMITED,,,,,,,,,,,,,
10,2 not yet checked,Aspire,pass,"About 500+ staff; operates in Singapore, Vietnam, Indonesia and Hong Kong",mid,Singapore,Singapore HQ,Other,ASPIRE BRANDS PTE. LTD. | ASPIRE FT HOLDING PTE. LTD. | ASPIRE FT PTE. LTD. | ASPIRE GLOBAL NETWORK PTE. LTD. | ASPIRE GROUP SERVICES PTE. LTD. | ASPIRE HUB GROUP PTE. LTD. | ASPIRE NETWORK MANAGEMENT PTE. LTD. | ASPIRE RETAIL MARKETING PTE. LTD. | ASPIRE SERVICE CENTRE PTE. LTD. | ASPIRE SERVICES PTE. LTD. | ASPIRE SOUTHEAST INTERNATIONAL PTE. LTD. | ASPIRE SYSTEMS GLOBAL PTE. LTD. | ASPIRE SYSTEMS INTERNATIONAL PTE. LTD. | ASPIRE TECH PTE. LTD. | ASPIRE TECH SERVICES AND SOLUTIONS PTE. LTD. | ASPIRE TECHNOLOGY PTE LTD,,,,,,,,,,,,,
11,2 not yet checked,iFAST Corporation,pass,"About 1,300+ staff; Singapore, Hong Kong, Malaysia, China, UK and India",mid,Singapore,Singapore HQ,Regulated,IFAST CAPITAL LTD. | IFAST CHINA HOLDINGS PTE. LTD. | IFAST CORPORATION LTD. | IFAST FINANCIAL PTE. LTD. | IFAST GLOBAL TRUST PTE. LTD. | IFAST INDIA HOLDINGS PTE. LTD. | IFAST INDIA INVESTMENTS PTE. LTD. | IFAST NOMINEES PTE. LTD. | IFAST PAY PTE. LTD.,,,,,,,,,,,,,
12,2 not yet checked,Razer,pass,"1,576 staff (2024); Singapore, US, Malaysia and other offices",mid,Singapore,Singapore HQ,Technical,RAZER (ASIA-PACIFIC) PTE. LTD. | RAZER CAFE PTE. LTD. | RAZER EVERGLIDE PTE. LTD. | RAZER FINTECH (SG) PTE. LTD. | RAZER FINTECH HOLDINGS PTE. LTD. | RAZER GOLD (SG) PTE. LTD. | RAZER MERCHANT SERVICES (SG) PTE. LTD. | RAZER MIDAS PTE. LTD. | RAZER ONLINE PTE. LTD. | RAZER SERVICES VIETNAM PTE. LTD.,,,,,,,,,,,,,
13,2 not yet checked,Bitdeer Technologies Group,pass,"211 staff in 2023, likely higher now; data centres in the US, Norway and Bhutan",mid,Singapore,Singapore HQ,Technical,BITDEER AI HOLDING PTE. LTD. | BITDEER AI PTE. LTD. | BITDEER CLOUD APEX PTE. LTD. | BITDEER DEVELOPMENT PTE. LTD. | BITDEER ETHIOPIA DEVELOPMENT PTE. LTD. | BITDEER SEMICONDUCTOR SALES PTE. LTD. | BITDEER SEMICONDUCTOR TECHNOLOGY PTE. LTD.,,,,,,,,,,,,,
14,2 not yet checked,Funding Societies,pass,"About 500 staff; Singapore, Malaysia, Indonesia, Thailand and Vietnam",mid,Singapore,Singapore HQ,Regulated,FS CAPITAL PTE. LTD. | FS CAPITAL SINGAPORE PTE. LTD. | FUNDING SOCIETIES PTE. LTD.,,,,,,,,,,,,,
15,2 not yet checked,Nium,pass,"About 1,000 staff; offices in many countries",mid,Singapore,Singapore HQ,Technical,NIUM PTE. LTD.,,,,,,,,,,,,,
16,2 not yet checked,Sheng Siong Group,pass,"Likely 3,000-4,000 staff; Singapore plus a few stores in Kunming, China. Passes the two stated tests only narrowly: almost all business is in Singapore",mid,Singapore,Singapore HQ,Other,SHENG SIONG GROUP LTD. | SHENG SIONG HOLDINGS PTE. LTD. | SHENG SIONG SUPERMARKET PTE LTD,,,,,,,,,,,,,
17,2 not yet checked,Juspay,pass,"Roughly 1,000+ staff; India, Singapore and other markets",mid,India,Foreign HQ,Technical,JUSPAY GLOBAL PTE. LTD. | JUSPAY TECHNOLOGIES PTE. LTD.,,,,,,,,,,,,,
18,2 not yet checked,WeLab,pass,"Roughly 800-1,000 staff; Hong Kong, Indonesia and mainland China",mid,Hong Kong,Foreign HQ,Regulated,WELAB SEA PTE. LTD.,,,,,,,,,,,,,
19,2 not yet checked,Braze,pass,"Roughly 1,500-1,700 staff; US, UK, Singapore, Japan and others",mid,United States,Foreign HQ,Technical,BRAZE PTE. LTD.,,,,,,,,,,,,,
20,2 not yet checked,Airwallex,pass,"Roughly 1,500-2,000 staff; offices across Asia-Pacific, Europe and the US",mid,Australia,Foreign HQ,Regulated,AIRWALLEX (SINGAPORE) PTE. LTD. | AIRWALLEX CAPITAL (SINGAPORE) PTE. LTD. | AIRWALLEX CAPITAL HOLDING (SINGAPORE) PTE. LTD. | AIRWALLEX COMMERCELINK HOLDING (SINGAPORE) PTE. LTD. | AIRWALLEX DIGITAL (SINGAPORE) PTE. LTD. | AIRWALLEX DIGITAL HOLDING (SINGAPORE) PTE. LTD. | AIRWALLEX FINANCING (SINGAPORE) PTE. LTD. | AIRWALLEX FINANCING HOLDING (SINGAPORE) PTE. LTD. | AIRWALLEX TREASURY (SINGAPORE) PTE. LTD.,,,,,,,,,,,,,
21,2 not yet checked,Klook,pass,"Roughly 2,000-3,000 staff; offices across Asia, Europe and the US",mid,Hong Kong,Foreign HQ,Other,KLOOK BILI TRADING PTE. LTD. | KLOOK GALLERY PTE. LTD. | KLOOK TRAVEL TECHNOLOGY PTE. LTD.,,,,,,,,,,,,,
22,2 not yet checked,Xendit,pass,"Roughly 700-1,000 staff; Indonesia, Philippines, Singapore, Malaysia, Thailand and Vietnam",mid,Indonesia,Foreign HQ,Technical,XENDIT ENTERPRISES PTE. LTD. | XENDIT PAYMENTS SINGAPORE PTE. LTD. | XENDIT PTE. LTD. | XENDIT SERVICE PTE. LTD.,,,,,,,,,,,,,
23,2 not yet checked,Sprinklr,pass,"Roughly 3,500-3,800 staff; offices in many countries",mid,United States,Foreign HQ,Technical,SPRINKLR SINGAPORE PTE. LTD.,,,,,,,,,,,,,
24,2 not yet checked,Toss,pass,"Viva Republica has roughly 2,500+ staff; Korea plus a Singapore entity",mid,South Korea,Foreign HQ,Other,TOSS GLOBAL PTE. LTD. | TOSS SG PTE. LTD.,,,,,,,,,,,,,
25,2 not yet checked,HashKey Group,pass,"Roughly 1,000 staff; Hong Kong, Singapore, Japan and Bermuda",mid,Hong Kong,Foreign HQ,Other,HASHKEY CAPITAL SINGAPORE PTE. LTD. | HASHKEY DIGITAL WEALTH PTE. LTD. | HASHKEY MARKETS PTE. LTD. | HASHKEY NEWFIN PTE. LTD. | HASHKEY TECHNOLOGY SERVICES PTE. LTD. | HASHKEY TOKEN LIMITED,,,,,,,,,,,,,
26,2 not yet checked,Lighthouse Canton,unsure,"Headcount near 200; Singapore, India and Dubai",mid,Singapore,Singapore HQ,Regulated,LIGHTHOUSE CANTON ALTERNATIVES MANAGER PTE. LTD. | LIGHTHOUSE CANTON CF SERVICES PTE. LTD. | LIGHTHOUSE CANTON INVESTMENT HOLDINGS PTE. LTD. | LIGHTHOUSE CANTON PTE. LTD.,,,,,,,,,,,,,
27,2 not yet checked,Hotel Properties Limited,unsure,"Hotels in Singapore and abroad; headcount including hotel staff may exceed 5,000",mid,Singapore,Singapore HQ,Other,HOTEL PROPERTIES LIMITED,,,,,,,,,,,,,
28,2 not yet checked,Sinarmas Land,unsure,"Property in Indonesia, Singapore and elsewhere; headcount may exceed 5,000",mid,Singapore,Singapore HQ,Regulated,SINARMAS LAND OVERSEAS HOLDING PTE. LTD. | SINARMAS LAND PTE. LTD.,,,,,,,,,,,,,
29,2 not yet checked,Riverstone Holdings,unsure,Glove maker with factories in Malaysia and Thailand; the ACRA match (RIVERSTONE PTE. LTD.) may be an unrelated company,mid,Singapore,Singapore HQ,Regulated,RIVERSTONE HOLDINGS LIMITED | RIVERSTONE PTE. LTD.,,,,,,,,,,,,,
30,2 not yet checked,Singapore Land,unsure,"Property and hotels, mainly in Singapore; overseas operations unclear",mid,Singapore,Singapore HQ,Regulated,SINGAPORE LAND GROUP LIMITED,,,,,,,,,,,,,
31,2 not yet checked,Ninja Van,unsure,"Seven Southeast Asian countries; headcount including operations staff may exceed 5,000",mid,Singapore,Singapore HQ,Other,NINJA LOGISTICS PTE. LTD.,,,,,,,,,,,,,
32,2 not yet checked,M-DAQ Global,unsure,Headcount near 200-300; Singapore and China,mid,Singapore,Singapore HQ,Technical,M-DAQ CASHPORT PTE. LTD. | M-DAQ FINANCIAL SERVICES PTE. LTD. | M-DAQ GLOBAL PTE. LTD. | M-DAQ MARKET SOLUTIONS PTE. LTD. | M-DAQ PAYMENT SOLUTIONS PTE. LTD.,,,,,,,,,,,,,
33,2 not yet checked,Spark Systems,unsure,Probably under 200 staff,mid,Singapore,Singapore HQ,Technical,SPARK SYSTEMS PTE. LTD.,,,,,,,,,,,,,
34,2 not yet checked,TechCreate Group,unsure,Could not find headcount or countries; the ACRA match (TECHCREATE SOLUTION) may be unrelated,mid,Singapore,Singapore HQ,High-trust,TECHCREATE SOLUTION PRIVATE LIMITED,,,,,,,,,,,,,
35,2 not yet checked,Storepay,unsure,Probably under 200 staff; buy-now-pay-later business that started in Mongolia,mid,Singapore,Singapore HQ,Regulated,STOREPAY HOLDING PTE. LTD.,,,,,,,,,,,,,
36,2 not yet checked,Syfe,unsure,"Headcount near 200-300; Singapore, Hong Kong and Australia",mid,Singapore,Singapore HQ,Regulated,SYFE PTE. LTD.,,,,,,,,,,,,,
37,2 not yet checked,Choco Up,unsure,Probably under 200 staff; Hong Kong and Singapore,mid,Singapore,Singapore HQ,High-trust,CHOCO UP SG PTE. LTD.,,,,,,,,,,,,,
38,2 not yet checked,UOL Group,unsure,"Property plus Pan Pacific hotels in several countries; headcount including hotels may exceed 5,000",mid,Singapore,Singapore HQ,Regulated,UOL GROUP LIMITED | UOL MANAGEMENT SERVICES PTE LTD | UOL RETAIL MANAGEMENT PTE. LTD. | UOL VENTURES HOLDINGS PTE. LTD.,,,,,,,,,,,,,
39,2 not yet checked,CoverGo,unsure,"Headcount near 200-300; Hong Kong, Singapore and other markets",mid,Singapore,Singapore HQ,Technical,COVERGO PTE. LTD.,,,,,,,,,,,,,
40,2 not yet checked,Karooooo,unsure,"Operates in 23 countries; headcount near or above 5,000",mid,Singapore,Singapore HQ,Regulated,CARTRACK TECHNOLOGIES PTE. LTD. | CARTRACK TECHNOLOGIES SOUTH EAST ASIA PTE. LTD. | KAROOOOO LTD. | KAROOOOO MANAGEMENT COMPANY PTE. LTD.,,,,,,,,,,,,,
41,2 not yet checked,Freshworks,unsure,"Headcount near the 5,000 upper limit; offices in many countries",mid,United States,Foreign HQ,High-trust,FRESHWORKS TECHNOLOGIES PTE. LTD.,,,,,,,,,,,,,
42,2 not yet checked,DurianPay,unsure,Probably under 200 staff; mainly Indonesia,mid,Indonesia,Foreign HQ,Technical,DURIANPAY PTE. LTD.,,,,,,,,,,,,,
43,2 not yet checked,Paynamics,unsure,Probably 100-200 staff; mainly the Philippines,mid,Philippines,Foreign HQ,Regulated,PAYNAMICS NETWORK PTE. LTD.,,,,,,,,,,,,,
44,2 not yet checked,iPartners,unsure,Probably under 200 staff; Australia and Singapore,mid,Australia,Foreign HQ,Regulated,IPARTNERS ASIA PTE. LTD.,,,,,,,,,,,,,
45,2 not yet checked,Statrys,unsure,Probably under 200 staff; Hong Kong and Singapore,mid,Hong Kong,Foreign HQ,Regulated,STATRYS CORPORATE SERVICES SINGAPORE PTE. LTD. | STATRYS INTERNATIONAL HOLDING PTE. LTD. | STATRYS SINGAPORE PTE. LTD.,,,,,,,,,,,,,
46,2 not yet checked,Vayana,unsure,Headcount near 200-300; India and Singapore,mid,India,Foreign HQ,Technical,VAYANA NETWORK PTE. LTD.,,,,,,,,,,,,,
