parent_name,prescreen,prescreen_reason,prescreen_basis
Aspire,pass,"About 500+ staff; operates in Singapore, Vietnam, Indonesia and Hong Kong",Estimate from general knowledge; confirm on LinkedIn
Bitdeer Technologies Group,pass,"211 staff in 2023, likely higher now; data centres in the US, Norway and Bhutan",Wikipedia (2023 figure)
Carousell,pass,"About 1,000 staff; marketplaces in Singapore, Malaysia, Hong Kong, Taiwan and the Philippines",Estimate from general knowledge; confirm on LinkedIn
Funding Societies,pass,"About 500 staff; Singapore, Malaysia, Indonesia, Thailand and Vietnam",Estimate from general knowledge; confirm on LinkedIn
HashKey Group,pass,"Roughly 1,000 staff; Hong Kong, Singapore, Japan and Bermuda",Estimate from general knowledge; confirm on LinkedIn
Haw Par,pass,"Headcount not found, likely within 200-5,000; operations in Singapore, Malaysia, Hong Kong, Thailand and elsewhere",Wikipedia (countries); headcount unverified
IGG Inc,pass,"Roughly 2,000-3,000 staff; offices in Singapore, China and the US",Estimate from general knowledge; confirm on LinkedIn
Klook,pass,"Roughly 2,000-3,000 staff; offices across Asia, Europe and the US",Estimate from general knowledge; confirm on LinkedIn
Kulicke and Soffa Industries,pass,"About 3,000 staff; Singapore HQ, operations in the US, Malaysia, China and others",Estimate from general knowledge; confirm on LinkedIn
Nium,pass,"About 1,000 staff; offices in many countries",Estimate from general knowledge; confirm on LinkedIn
Penguin International,pass,"Roughly 1,000 staff; shipbuilding and vessel operations in Singapore and Indonesia",Estimate from general knowledge; confirm on LinkedIn
Razer,pass,"1,576 staff (2024); Singapore, US, Malaysia and other offices",Wikipedia (2024 figure)
Sheng Siong Group,pass,"Likely 3,000-4,000 staff; Singapore plus a few stores in Kunming, China. Passes the two stated tests only narrowly: almost all business is in Singapore","Wikipedia (2,324 staff in 2010; countries); current headcount unverified"
Singapore Post,pass,"About 3,000 staff; mainly Singapore, some regional logistics. Passes the two stated tests narrowly after selling its Australian business (2024-25); weak fit as a buyer",Wikipedia (headcount; divestment)
Thunes,pass,About 400+ staff; offices in many countries,Estimate from general knowledge; confirm on LinkedIn
Toss,pass,"Viva Republica has roughly 2,500+ staff; Korea plus a Singapore entity",Estimate from general knowledge; confirm on LinkedIn
Xendit,pass,"Roughly 700-1,000 staff; Indonesia, Philippines, Singapore, Malaysia, Thailand and Vietnam",Estimate from general knowledge; confirm on LinkedIn
Yanlord,pass,"Likely 3,000-4,000 staff; property in China plus Singapore projects",Estimate from general knowledge; confirm on LinkedIn
iFAST Corporation,pass,"About 1,300+ staff; Singapore, Hong Kong, Malaysia, China, UK and India",Estimate from general knowledge; confirm on LinkedIn
Choco Up,unsure,Probably under 200 staff; Hong Kong and Singapore,Estimate from general knowledge; confirm on LinkedIn
Karooooo,unsure,"Operates in 23 countries; headcount near or above 5,000",Wikipedia (countries); headcount unverified
Lighthouse Canton,unsure,"Headcount near 200; Singapore, India and Dubai",Estimate from general knowledge; confirm on LinkedIn
M-DAQ Global,unsure,Headcount near 200-300; Singapore and China,Estimate from general knowledge; confirm on LinkedIn
Ninja Van,unsure,"Seven Southeast Asian countries; headcount including operations staff may exceed 5,000",Wikipedia (countries); headcount unverified
Paynamics,unsure,Probably 100-200 staff; mainly the Philippines,Estimate from general knowledge; confirm on LinkedIn
Riverstone Holdings,unsure,Glove maker with factories in Malaysia and Thailand; the ACRA match (RIVERSTONE PTE. LTD.) may be an unrelated company,Estimate from general knowledge; check the ACRA entity
Spark Systems,unsure,Probably under 200 staff,Estimate from general knowledge; confirm on LinkedIn
Syfe,unsure,"Headcount near 200-300; Singapore, Hong Kong and Australia",Estimate from general knowledge; confirm on LinkedIn
TechCreate Group,unsure,Could not find headcount or countries; the ACRA match (TECHCREATE SOLUTION) may be unrelated,Not found; check manually
Genting Singapore,fail,"Operates only in Singapore (Resorts World Sentosa); over 5,000 staff",General knowledge (single-country operator)
Pacific Century Regional Developments,fail,Investment holding company with very few staff,General knowledge
Paragon Capital Management,fail,"Boutique fund manager, well under 200 staff",Estimate from general knowledge
SIA Engineering Company,fail,"Over 5,000 staff",Estimate from general knowledge
Seatrium,fail,"Far over 5,000 staff",Estimate from general knowledge
Venture Corporation,fail,"Over 10,000 staff",Estimate from general knowledge
Airwallex,pass,"Roughly 1,500-2,000 staff; offices across Asia-Pacific, Europe and the US",Estimate from general knowledge; confirm on LinkedIn
Braze,pass,"Roughly 1,500-1,700 staff; US, UK, Singapore, Japan and others",Estimate from general knowledge; confirm on LinkedIn
Juspay,pass,"Roughly 1,000+ staff; India, Singapore and other markets",Estimate from general knowledge; confirm on LinkedIn
Sprinklr,pass,"Roughly 3,500-3,800 staff; offices in many countries",Estimate from general knowledge; confirm on LinkedIn
WeLab,pass,"Roughly 800-1,000 staff; Hong Kong, Indonesia and mainland China",Estimate from general knowledge; confirm on LinkedIn
Wave Life Sciences,pass,"Roughly 250-300 staff; Singapore-registered HQ, research and operations mainly in the US. Weak fit: marketing unlikely to sit in Singapore",Estimate from general knowledge; confirm on LinkedIn
CoverGo,unsure,"Headcount near 200-300; Hong Kong, Singapore and other markets",Estimate from general knowledge; confirm on LinkedIn
Freshworks,unsure,"Headcount near the 5,000 upper limit; offices in many countries",Estimate from general knowledge; confirm on LinkedIn
Hotel Properties Limited,unsure,"Hotels in Singapore and abroad; headcount including hotel staff may exceed 5,000",Estimate from general knowledge; confirm on LinkedIn
Sinarmas Land,unsure,"Property in Indonesia, Singapore and elsewhere; headcount may exceed 5,000",Estimate from general knowledge; confirm on LinkedIn
Singapore Land,unsure,"Property and hotels, mainly in Singapore; overseas operations unclear",Estimate from general knowledge; confirm on LinkedIn
UOL Group,unsure,"Property plus Pan Pacific hotels in several countries; headcount including hotels may exceed 5,000",Estimate from general knowledge; confirm on LinkedIn
Statrys,unsure,Probably under 200 staff; Hong Kong and Singapore,Estimate from general knowledge; confirm on LinkedIn
Storepay,unsure,Probably under 200 staff; buy-now-pay-later business that started in Mongolia,Estimate from general knowledge; confirm on LinkedIn
iPartners,unsure,Probably under 200 staff; Australia and Singapore,Estimate from general knowledge; confirm on LinkedIn
DurianPay,unsure,Probably under 200 staff; mainly Indonesia,Estimate from general knowledge; confirm on LinkedIn
Vayana,unsure,Headcount near 200-300; India and Singapore,Estimate from general knowledge; confirm on LinkedIn
Golden Agri-Resources,fail,"Palm-oil group with far over 5,000 staff (plantation workforce in Indonesia)",General knowledge
Kenon Holdings,fail,Investment holding company with very few staff of its own,General knowledge
